{"cameraMode":{"drawMode":0,"name":"Shaded","section":"Shading Mode"},"sceneLighting":true,"audioPlay":false,"sceneViewState":{"m_AlwaysRefresh":false,"showFog":true,"showSkybox":true,"showFlares":true,"showImageEffects":true,"showParticleSystems":true,"showVisualEffectGraphs":true,"m_FxEnabled":true},"in2DMode":false,"pivot":{"x":11.149246215820313,"y":-2.0558276176452638,"z":11.581113815307618},"rotation":{"x":0.11147420853376389,"y":0.41956543922424319,"z":-0.05198490247130394,"w":0.8993709683418274},"size":14.799956321716309,"orthographic":false}